1,Sergey,example1@mail.com
2,Nikolay,Nikolay@mail.com
3,Petr,Petr@mail.com
4,Onotole,Onotole@mail.com
5,Nataliya,Nataliya@mail.com
6,Fedot,Fedot@mail.com
7,Evpatiy,Evpatiy@mail.com
8,"Avdot'ya",Avdot@mail.com
9,Lucifier,Lucifier@mail.com
10,Kupriyan,Kupriyan@mail.com
